model_area_m2,osm_area_m2,overlap_area_m2,union_area_m2,precision_like,recall_like,iou,result_name,model_file,status,error
140.3125,0.0,0.0,140.3125,0.0,,0.0,se2530_rgb_250_05,/Users/hou/Desktop/dissertation/Parking/parking-lot-mapping-tool/output_files/tif_original/Download_2994141/getmapping_rgb_25cm_6421041/se2530_rgb_250_05_original.geojson,ok,
58569.6875,0.0,0.0,58569.6875,0.0,,0.0,se2531_rgb_250_04,/Users/hou/Desktop/dissertation/Parking/parking-lot-mapping-tool/output_files/tif_original/Download_2994141/getmapping_rgb_25cm_6421041/se2531_rgb_250_04_original.geojson,ok,
29742.4375,7224.345887382426,6204.509874134307,30762.273513247997,0.2086079822521038,0.8588334460799699,0.2016921756924855,se2532_rgb_250_04,/Users/hou/Desktop/dissertation/Parking/parking-lot-mapping-tool/output_files/tif_original/Download_2994141/getmapping_rgb_25cm_6421041/se2532_rgb_250_04_original.geojson,ok,
23419.9375,2098.495832662278,1621.953504056099,23896.47982860645,0.0692552447698077,0.7729124255626427,0.06787416036543,se2533_rgb_250_03,/Users/hou/Desktop/dissertation/Parking/parking-lot-mapping-tool/output_files/tif_original/Download_2994141/getmapping_rgb_25cm_6421041/se2533_rgb_250_03_original.geojson,ok,
25137.8125,2879.1673586642987,2432.056849633562,25584.923009029742,0.0967489454236943,0.8447083988760694,0.0950582047393775,se2534_rgb_250_03,/Users/hou/Desktop/dissertation/Parking/parking-lot-mapping-tool/output_files/tif_original/Download_2994141/getmapping_rgb_25cm_6421041/se2534_rgb_250_03_original.geojson,ok,
32606.0,1177.5023179936084,0.0,33783.5023179936,0.0,0.0,0.0,se2630_rgb_250_05,/Users/hou/Desktop/dissertation/Parking/parking-lot-mapping-tool/output_files/tif_original/Download_2994141/getmapping_rgb_25cm_6421041/se2630_rgb_250_05_original.geojson,ok,
81933.125,14993.387537985158,14940.277111605204,81986.23542637871,0.1823472144093759,0.9964577433721764,0.1822290904553258,se2631_rgb_250_04,/Users/hou/Desktop/dissertation/Parking/parking-lot-mapping-tool/output_files/tif_original/Download_2994141/getmapping_rgb_25cm_6421041/se2631_rgb_250_04_original.geojson,ok,
25579.625,4364.575614408236,1381.9428689769702,28562.257745431685,0.0540251418453933,0.3166270884195321,0.0483835305070727,se2632_rgb_250_04,/Users/hou/Desktop/dissertation/Parking/parking-lot-mapping-tool/output_files/tif_original/Download_2994141/getmapping_rgb_25cm_6421041/se2632_rgb_250_04_original.geojson,ok,
61244.75,12344.819226531528,11702.432340075591,61887.13688645721,0.1910764978234965,0.9479630382051026,0.1890931286988725,se2633_rgb_250_03,/Users/hou/Desktop/dissertation/Parking/parking-lot-mapping-tool/output_files/tif_original/Download_2994141/getmapping_rgb_25cm_6421041/se2633_rgb_250_03_original.geojson,ok,
22180.3125,20216.43040331223,12281.99440024504,30114.74850306725,0.5537340558319473,0.6075253719485896,0.4078398462797752,se2634_rgb_250_03,/Users/hou/Desktop/dissertation/Parking/parking-lot-mapping-tool/output_files/tif_original/Download_2994141/getmapping_rgb_25cm_6421041/se2634_rgb_250_03_original.geojson,ok,
88209.4375,29361.23931154333,21872.2160751627,95698.4607363794,0.247957777478886,0.744935043207242,0.2285534783617273,se2730_rgb_250_05,/Users/hou/Desktop/dissertation/Parking/parking-lot-mapping-tool/output_files/tif_original/Download_2994141/getmapping_rgb_25cm_6421041/se2730_rgb_250_05_original.geojson,ok,
240612.9375,43393.041104190655,38334.76323135125,245671.21537284227,0.1593212884961817,0.8834311275696484,0.1560409231222819,se2731_rgb_250_04,/Users/hou/Desktop/dissertation/Parking/parking-lot-mapping-tool/output_files/tif_original/Download_2994141/getmapping_rgb_25cm_6421041/se2731_rgb_250_04_original.geojson,ok,
60467.5625,5706.139803132644,3596.0929794340727,62577.609323697645,0.0594714394090893,0.6302146641166827,0.0574661291522407,se2732_rgb_250_04,/Users/hou/Desktop/dissertation/Parking/parking-lot-mapping-tool/output_files/tif_original/Download_2994141/getmapping_rgb_25cm_6421041/se2732_rgb_250_04_original.geojson,ok,
67450.8125,24911.953936377064,17673.110639653416,74689.65579672345,0.2620147924779025,0.7094229013424231,0.2366205929205622,se2733_rgb_250_03,/Users/hou/Desktop/dissertation/Parking/parking-lot-mapping-tool/output_files/tif_original/Download_2994141/getmapping_rgb_25cm_6421041/se2733_rgb_250_03_original.geojson,ok,
120898.0625,63920.62778124812,54720.78047009367,130097.9098111542,0.4526191680705691,0.8560738899086136,0.420612295382182,se2734_rgb_250_03,/Users/hou/Desktop/dissertation/Parking/parking-lot-mapping-tool/output_files/tif_original/Download_2994141/getmapping_rgb_25cm_6421041/se2734_rgb_250_03_original.geojson,ok,
100936.0,12144.913487705377,9884.29495066529,103196.61853704012,0.0979263587883935,0.8138629361725325,0.0957811902249252,se2830_rgb_250_05,/Users/hou/Desktop/dissertation/Parking/parking-lot-mapping-tool/output_files/tif_original/Download_2994141/getmapping_rgb_25cm_6421041/se2830_rgb_250_05_original.geojson,ok,
137450.8125,92397.48846698964,40672.66491268297,189175.6360543072,0.2959070533881563,0.4401923211063673,0.2149994881000793,se2831_rgb_250_04,/Users/hou/Desktop/dissertation/Parking/parking-lot-mapping-tool/output_files/tif_original/Download_2994141/getmapping_rgb_25cm_6421041/se2831_rgb_250_04_original.geojson,ok,
161407.4375,33801.45990721485,22841.454650041243,172367.4427571728,0.1415142635545604,0.6757534944567819,0.132516061529205,se2832_rgb_250_04,/Users/hou/Desktop/dissertation/Parking/parking-lot-mapping-tool/output_files/tif_original/Download_2994141/getmapping_rgb_25cm_6421041/se2832_rgb_250_04_original.geojson,ok,
133694.1875,55394.05200953218,44354.998408822095,144733.24110071303,0.3317645982838416,0.8007177088469627,0.3064603409106105,se2833_rgb_250_03,/Users/hou/Desktop/dissertation/Parking/parking-lot-mapping-tool/output_files/tif_original/Download_2994141/getmapping_rgb_25cm_6421041/se2833_rgb_250_03_original.geojson,ok,
74259.75,22525.315477038683,19456.248821789108,77328.81665525417,0.2620026167848546,0.8637503364435429,0.2516041194387932,se2834_rgb_250_03,/Users/hou/Desktop/dissertation/Parking/parking-lot-mapping-tool/output_files/tif_original/Download_2994141/getmapping_rgb_25cm_6421041/se2834_rgb_250_03_original.geojson,ok,
66087.0,836.4624150682675,823.229574110261,66100.2328409577,0.0124567550972242,0.9841799933629696,0.0124542613350699,se2930_rgb_250_05,/Users/hou/Desktop/dissertation/Parking/parking-lot-mapping-tool/output_files/tif_original/Download_2994141/getmapping_rgb_25cm_6421041/se2930_rgb_250_05_original.geojson,ok,
49725.8125,1738.0826180998167,113.52972934494612,51350.36538875487,0.0022831146166781,0.0653189486867224,0.0022108845474701,se2931_rgb_250_04,/Users/hou/Desktop/dissertation/Parking/parking-lot-mapping-tool/output_files/tif_original/Download_2994141/getmapping_rgb_25cm_6421041/se2931_rgb_250_04_original.geojson,ok,
119429.125,65597.8173367451,27390.74748627482,157636.19485046933,0.2293473010563781,0.41755577545614,0.1737592531477758,se2932_rgb_250_04,/Users/hou/Desktop/dissertation/Parking/parking-lot-mapping-tool/output_files/tif_original/Download_2994141/getmapping_rgb_25cm_6421041/se2932_rgb_250_04_original.geojson,ok,
88288.8125,34775.7235005101,30156.555460695505,92907.98053981389,0.3415671205306505,0.8671726257615648,0.3245852001677348,se2933_rgb_250_03,/Users/hou/Desktop/dissertation/Parking/parking-lot-mapping-tool/output_files/tif_original/Download_2994141/getmapping_rgb_25cm_6421041/se2933_rgb_250_03_original.geojson,ok,
67574.625,13740.773017863754,9921.467408137112,71393.93060972568,0.1468223820426249,0.7220457972225189,0.1389679391988197,se2934_rgb_250_03,/Users/hou/Desktop/dissertation/Parking/parking-lot-mapping-tool/output_files/tif_original/Download_2994141/getmapping_rgb_25cm_6421041/se2934_rgb_250_03_original.geojson,ok,
108307.0625,6514.559324186566,5944.576934530247,108877.04488965627,0.0548863277916917,0.9125063782073256,0.054598992290385,se3030_rgb_250_05,/Users/hou/Desktop/dissertation/Parking/parking-lot-mapping-tool/output_files/tif_original/Download_2994141/getmapping_rgb_25cm_6421042/se3030_rgb_250_05_original.geojson,ok,
118579.625,40943.21743104499,23472.11415252848,136050.72827851624,0.1979439060675767,0.573284554201421,0.172524722576108,se3031_rgb_250_04,/Users/hou/Desktop/dissertation/Parking/parking-lot-mapping-tool/output_files/tif_original/Download_2994141/getmapping_rgb_25cm_6421042/se3031_rgb_250_04_original.geojson,ok,
187305.0625,87387.92431860027,72293.9928525251,202398.99396607577,0.3859692412346041,0.8272766908726945,0.3571855345518286,se3032_rgb_250_04,/Users/hou/Desktop/dissertation/Parking/parking-lot-mapping-tool/output_files/tif_original/Download_2994141/getmapping_rgb_25cm_6421042/se3032_rgb_250_04_original.geojson,ok,
84546.0625,46436.48030200202,35338.475263654225,95644.0675383483,0.4179789598558091,0.761006756623858,0.3694790087162001,se3033_rgb_250_03,/Users/hou/Desktop/dissertation/Parking/parking-lot-mapping-tool/output_files/tif_original/Download_2994141/getmapping_rgb_25cm_6421042/se3033_rgb_250_03_original.geojson,ok,
134392.9375,35646.533997342616,30619.745349344277,139419.72614799885,0.2278374587157474,0.8589824006908194,0.2196227621107242,se3034_rgb_250_03,/Users/hou/Desktop/dissertation/Parking/parking-lot-mapping-tool/output_files/tif_original/Download_2994141/getmapping_rgb_25cm_6421042/se3034_rgb_250_03_original.geojson,ok,
72096.6875,69092.77169136344,42083.28228559442,99106.17690577016,0.5837061832500199,0.6090837182445065,0.4246282482030063,se3130_rgb_250_05,/Users/hou/Desktop/dissertation/Parking/parking-lot-mapping-tool/output_files/tif_original/Download_2994141/getmapping_rgb_25cm_6421042/se3130_rgb_250_05_original.geojson,ok,
155652.1875,14352.792702806326,11446.729344762,158558.2508580447,0.0735404335050672,0.7975262781105925,0.0721925808516273,se3131_rgb_250_04,/Users/hou/Desktop/dissertation/Parking/parking-lot-mapping-tool/output_files/tif_original/Download_2994141/getmapping_rgb_25cm_6421042/se3131_rgb_250_04_original.geojson,ok,
135360.1875,12878.005886294755,10719.075757936336,137519.1176283584,0.0791892797720625,0.8323552460357212,0.077946077191277,se3132_rgb_250_04,/Users/hou/Desktop/dissertation/Parking/parking-lot-mapping-tool/output_files/tif_original/Download_2994141/getmapping_rgb_25cm_6421042/se3132_rgb_250_04_original.geojson,ok,
98423.4375,13931.905581747673,10532.399412584378,101822.94366916368,0.1070110908551063,0.7559913000259619,0.1034383708921787,se3133_rgb_250_03,/Users/hou/Desktop/dissertation/Parking/parking-lot-mapping-tool/output_files/tif_original/Download_2994141/getmapping_rgb_25cm_6421042/se3133_rgb_250_03_original.geojson,ok,
179574.75,73126.78272891307,63143.80510780359,189557.7276211128,0.3516296422954986,0.86348397606774,0.333111215777049,se3134_rgb_250_03,/Users/hou/Desktop/dissertation/Parking/parking-lot-mapping-tool/output_files/tif_original/Download_2994141/getmapping_rgb_25cm_6421042/se3134_rgb_250_03_original.geojson,ok,
199513.75,23497.511520302214,21773.81898456381,201237.44253573965,0.1091344280008962,0.9266436135482216,0.10819964073384,se3230_rgb_250_05,/Users/hou/Desktop/dissertation/Parking/parking-lot-mapping-tool/output_files/tif_original/Download_2994141/getmapping_rgb_25cm_6421042/se3230_rgb_250_05_original.geojson,ok,
120995.125,21305.742849419923,20343.48031393455,121957.38753548311,0.16813471050122514,0.9548355322653501,0.16680810178896033,se3231_rgb_250_04,/Users/hou/Desktop/dissertation/Parking/parking-lot-mapping-tool/output_files/tif_original/Download_2994141/getmapping_rgb_25cm_6421042/se3231_rgb_250_04_original.geojson,ok,
130653.6875,1799.4930342961884,1764.8059122970053,130688.37462199968,0.01350750940188355,0.9807239476129732,0.013503924258003001,se3232_rgb_250_04,/Users/hou/Desktop/dissertation/Parking/parking-lot-mapping-tool/output_files/tif_original/Download_2994141/getmapping_rgb_25cm_6421042/se3232_rgb_250_04_original.geojson,ok,
59006.375,7657.082733568335,6687.099488549976,59976.358245017844,0.11332842406519593,0.8733220890031665,0.11149559066643504,se3233_rgb_250_03,/Users/hou/Desktop/dissertation/Parking/parking-lot-mapping-tool/output_files/tif_original/Download_2994141/getmapping_rgb_25cm_6421042/se3233_rgb_250_03_original.geojson,ok,
,,,,,,,se3234_rgb_250_03,/Users/hou/Desktop/dissertation/Parking/parking-lot-mapping-tool/output_files/tif_original/Download_2994141/getmapping_rgb_25cm_6421042/se3234_rgb_250_03_original.geojson,failed,"RuntimeError(""All Overpass API requests failed:\nhttps://overpass-api.de/api/interpreter: HTTP 429\nhttps://overpass.kumi.systems/api/interpreter: HTTPSConnectionPool(host='overpass.kumi.systems', port=443): Read timed out. (read timeout=45)\nhttps://overpass.openstreetmap.ru/api/interpreter: HTTPSConnectionPool(host='overpass.openstreetmap.ru', port=443): Max retries exceeded with url: /api/interpreter (Caused by ConnectTimeoutError(<urllib3.connection.HTTPSConnection object at 0x1384d5760>, 'Connection to overpass.openstreetmap.ru timed out. (connect timeout=45)'))"")"
63799.25,9891.644347500453,9477.51800137866,64213.37634612118,0.14855218519619995,0.9581337205854515,0.14759413911352678,se3330_rgb_250_05,/Users/hou/Desktop/dissertation/Parking/parking-lot-mapping-tool/output_files/tif_original/Download_2994141/getmapping_rgb_25cm_6421042/se3330_rgb_250_05_original.geojson,ok,
54812.4375,2157.2204293455566,1925.932408100944,55043.72552124438,0.035136777270686856,0.8927842430479952,0.034989136179701744,se3331_rgb_250_04,/Users/hou/Desktop/dissertation/Parking/parking-lot-mapping-tool/output_files/tif_original/Download_2994141/getmapping_rgb_25cm_6421042/se3331_rgb_250_04_original.geojson,ok,
148905.4375,21195.75542840746,20427.606192449995,149673.5867359564,0.13718509233385112,0.963759289516619,0.13648103608612613,se3332_rgb_250_04,/Users/hou/Desktop/dissertation/Parking/parking-lot-mapping-tool/output_files/tif_original/Download_2994141/getmapping_rgb_25cm_6421042/se3332_rgb_250_04_original.geojson,ok,
22930.5625,9216.565157070881,7620.713765320461,24526.41389174963,0.332338718918058,0.8268496598728979,0.31071455447809965,se3333_rgb_250_03,/Users/hou/Desktop/dissertation/Parking/parking-lot-mapping-tool/output_files/tif_original/Download_2994141/getmapping_rgb_25cm_6421042/se3333_rgb_250_03_original.geojson,ok,
20409.8125,1439.5791885041347,1360.3567699624953,20489.034918541438,0.0666520954057023,0.9449683496578196,0.06639437998768054,se3334_rgb_250_03,/Users/hou/Desktop/dissertation/Parking/parking-lot-mapping-tool/output_files/tif_original/Download_2994141/getmapping_rgb_25cm_6421042/se3334_rgb_250_03_original.geojson,ok,
22409.3125,20505.986977849654,19522.346775589922,23392.952702260263,0.871171160453491,0.952031560181802,0.8345396591899081,se3430_rgb_250_05,/Users/hou/Desktop/dissertation/Parking/parking-lot-mapping-tool/output_files/tif_original/Download_2994141/getmapping_rgb_25cm_6421042/se3430_rgb_250_05_original.geojson,ok,
80823.625,49053.93869137206,39768.99964735124,90108.56404402158,0.4920467208362807,0.8107198057542743,0.4413453934070297,se3431_rgb_250_04,/Users/hou/Desktop/dissertation/Parking/parking-lot-mapping-tool/output_files/tif_original/Download_2994141/getmapping_rgb_25cm_6421042/se3431_rgb_250_04_original.geojson,ok,
55206.1875,26592.805758860526,25861.181190968073,55937.81206789227,0.4684471498954365,0.9724878760621684,0.4623202130176294,se3432_rgb_250_04,/Users/hou/Desktop/dissertation/Parking/parking-lot-mapping-tool/output_files/tif_original/Download_2994141/getmapping_rgb_25cm_6421042/se3432_rgb_250_04_original.geojson,ok,
26771.4375,5604.125859340425,5241.157310535418,27134.40604880558,0.19577422058622806,0.9352319062927458,0.19315540944984594,se3433_rgb_250_03,/Users/hou/Desktop/dissertation/Parking/parking-lot-mapping-tool/output_files/tif_original/Download_2994141/getmapping_rgb_25cm_6421042/se3433_rgb_250_03_original.geojson,ok,
58741.1875,22407.73616594906,22011.40702312482,59137.516642826704,0.37471845497037015,0.982312843212314,0.37220715837743534,se3434_rgb_250_03,/Users/hou/Desktop/dissertation/Parking/parking-lot-mapping-tool/output_files/tif_original/Download_2994141/getmapping_rgb_25cm_6421042/se3434_rgb_250_03_original.geojson,ok,
17701.6875,4692.38563771274,3676.311855852601,18717.761281860374,0.20768143465715352,0.7834632827928834,0.19640766865722145,se2535_rgb_250_03,/Users/hou/Desktop/dissertation/Parking/parking-lot-mapping-tool/output_files/tif_original/Download_2994141/getmapping_rgb_25cm_6421043/se2535_rgb_250_03_original.geojson,ok,
11710.625,5848.987202591433,4555.685130430721,13003.927072160208,0.38902151938352747,0.7788844414657454,0.35033148872265496,se2536_rgb_250_03,/Users/hou/Desktop/dissertation/Parking/parking-lot-mapping-tool/output_files/tif_original/Download_2994141/getmapping_rgb_25cm_6421043/se2536_rgb_250_03_original.geojson,ok,
25113.375,13522.19015323465,11230.427297722754,27405.13785551215,0.44718908938853313,0.8305183679905817,0.40979276794493175,se2537_rgb_250_03,/Users/hou/Desktop/dissertation/Parking/parking-lot-mapping-tool/output_files/tif_original/Download_2994141/getmapping_rgb_25cm_6421043/se2537_rgb_250_03_original.geojson,ok,
41296.75,4704.031107417076,3445.8239781040884,42554.95712931405,0.08344056077304118,0.7325257634182922,0.080973503689196,se2538_rgb_250_03,/Users/hou/Desktop/dissertation/Parking/parking-lot-mapping-tool/output_files/tif_original/Download_2994141/getmapping_rgb_25cm_6421043/se2538_rgb_250_03_original.geojson,ok,
17003.6875,11246.514771524086,7676.300470311662,20573.901801213153,0.4514491618545484,0.6825492720418487,0.37310863755843454,se2539_rgb_250_03,/Users/hou/Desktop/dissertation/Parking/parking-lot-mapping-tool/output_files/tif_original/Download_2994141/getmapping_rgb_25cm_6421043/se2539_rgb_250_03_original.geojson,ok,
67612.0,38766.03053981976,33352.27407688886,73025.75646293207,0.493289269314454,0.8603479286492852,0.4567193233228402,se2635_rgb_250_03,/Users/hou/Desktop/dissertation/Parking/parking-lot-mapping-tool/output_files/tif_original/Download_2994141/getmapping_rgb_25cm_6421043/se2635_rgb_250_03_original.geojson,ok,
22119.0625,12095.440529650103,8371.123100635206,25843.37992901456,0.37845740978557324,0.6920891455019511,0.32391750319148005,se2636_rgb_250_03,/Users/hou/Desktop/dissertation/Parking/parking-lot-mapping-tool/output_files/tif_original/Download_2994141/getmapping_rgb_25cm_6421043/se2636_rgb_250_03_original.geojson,ok,
16084.3125,4099.73184956721,3900.8874932859185,16283.156856281144,0.24252746228885558,0.9514982043759076,0.23956579966133354,se2637_rgb_250_03,/Users/hou/Desktop/dissertation/Parking/parking-lot-mapping-tool/output_files/tif_original/Download_2994141/getmapping_rgb_25cm_6421043/se2637_rgb_250_03_original.geojson,ok,
41475.1875,12473.648173253816,11321.364648486504,42627.47102476887,0.27296717220353744,0.9076225729022841,0.2655884662242378,se2638_rgb_250_03,/Users/hou/Desktop/dissertation/Parking/parking-lot-mapping-tool/output_files/tif_original/Download_2994141/getmapping_rgb_25cm_6421043/se2638_rgb_250_03_original.geojson,ok,
19596.25,5786.414144025666,5030.808285311472,20351.855858713396,0.25672301003056563,0.869417252220991,0.24719162322278307,se2639_rgb_250_03,/Users/hou/Desktop/dissertation/Parking/parking-lot-mapping-tool/output_files/tif_original/Download_2994141/getmapping_rgb_25cm_6421043/se2639_rgb_250_03_original.geojson,ok,
35827.0,15736.743576932877,12596.76346004576,38966.980116886814,0.35159972813927376,0.8004682416322942,0.323267633834083,se2735_rgb_250_03,/Users/hou/Desktop/dissertation/Parking/parking-lot-mapping-tool/output_files/tif_original/Download_2994141/getmapping_rgb_25cm_6421043/se2735_rgb_250_03_original.geojson,ok,
22473.375,15312.908196310498,8815.85414923427,28970.429047076697,0.3922799378924737,0.5757139033432178,0.30430526710214,se2736_rgb_250_03,/Users/hou/Desktop/dissertation/Parking/parking-lot-mapping-tool/output_files/tif_original/Download_2994141/getmapping_rgb_25cm_6421043/se2736_rgb_250_03_original.geojson,ok,
24630.75,11280.868564151637,8018.450162660559,27893.16840149076,0.3255463257375662,0.7108007789525714,0.2874700373669995,se2737_rgb_250_03,/Users/hou/Desktop/dissertation/Parking/parking-lot-mapping-tool/output_files/tif_original/Download_2994141/getmapping_rgb_25cm_6421043/se2737_rgb_250_03_original.geojson,ok,
13373.3125,10329.447499462109,6563.5989875848645,17139.161011877397,0.4907982960530433,0.6354259497351291,0.38295917653357164,se2738_rgb_250_03,/Users/hou/Desktop/dissertation/Parking/parking-lot-mapping-tool/output_files/tif_original/Download_2994141/getmapping_rgb_25cm_6421043/se2738_rgb_250_03_original.geojson,ok,
9283.5625,3992.841707232942,2989.432683833145,10286.971523398908,0.3220135248546175,0.7486980208651536,0.29060376778854047,se2739_rgb_250_03,/Users/hou/Desktop/dissertation/Parking/parking-lot-mapping-tool/output_files/tif_original/Download_2994141/getmapping_rgb_25cm_6421043/se2739_rgb_250_03_original.geojson,ok,
30481.625,1831.7177871109734,916.1731792979355,31397.169607813375,0.030056572748268357,0.5001715797841022,0.029180120079038595,se2835_rgb_250_03,/Users/hou/Desktop/dissertation/Parking/parking-lot-mapping-tool/output_files/tif_original/Download_2994141/getmapping_rgb_25cm_6421043/se2835_rgb_250_03_original.geojson,ok,
22248.0625,7022.708430344208,1571.2801825965155,27699.490747747877,0.07062548402120479,0.22374276223788797,0.05672595922090262,se2836_rgb_250_03,/Users/hou/Desktop/dissertation/Parking/parking-lot-mapping-tool/output_files/tif_original/Download_2994141/getmapping_rgb_25cm_6421043/se2836_rgb_250_03_original.geojson,ok,
22293.6875,19540.884464717226,12591.394255471054,29243.17770924704,0.5647963916005844,0.644361532263594,0.43057544500334877,se2837_rgb_250_03,/Users/hou/Desktop/dissertation/Parking/parking-lot-mapping-tool/output_files/tif_original/Download_2994141/getmapping_rgb_25cm_6421043/se2837_rgb_250_03_original.geojson,ok,
10696.25,3493.870616210196,2361.8961356358095,11828.224480574483,0.22081534515702322,0.6760113338706744,0.19968306650882017,se2838_rgb_250_03,/Users/hou/Desktop/dissertation/Parking/parking-lot-mapping-tool/output_files/tif_original/Download_2994141/getmapping_rgb_25cm_6421043/se2838_rgb_250_03_original.geojson,ok,
6539.4375,0.0,0.0,6539.4375,0.0,,0.0,se2839_rgb_250_03,/Users/hou/Desktop/dissertation/Parking/parking-lot-mapping-tool/output_files/tif_original/Download_2994141/getmapping_rgb_25cm_6421043/se2839_rgb_250_03_original.geojson,ok,
52301.0,28977.427280125554,8101.058536776201,73177.36874335103,0.15489299510097707,0.2795644505795168,0.1107044250960755,se2935_rgb_250_03,/Users/hou/Desktop/dissertation/Parking/parking-lot-mapping-tool/output_files/tif_original/Download_2994141/getmapping_rgb_25cm_6421043/se2935_rgb_250_03_original.geojson,ok,
19729.6875,0.0,0.0,19729.6875,0.0,,0.0,se2936_rgb_250_03,/Users/hou/Desktop/dissertation/Parking/parking-lot-mapping-tool/output_files/tif_original/Download_2994141/getmapping_rgb_25cm_6421043/se2936_rgb_250_03_original.geojson,ok,
23789.5625,4032.858111712468,3574.1299218831155,24248.290689828824,0.15023941368754115,0.8862523359061191,0.14739719049072264,se2937_rgb_250_03,/Users/hou/Desktop/dissertation/Parking/parking-lot-mapping-tool/output_files/tif_original/Download_2994141/getmapping_rgb_25cm_6421043/se2937_rgb_250_03_original.geojson,ok,
42948.0,32241.552683947077,30726.888650756486,44462.66403318894,0.7154439939172135,0.953021368169259,0.6910716961948242,se2938_rgb_250_03,/Users/hou/Desktop/dissertation/Parking/parking-lot-mapping-tool/output_files/tif_original/Download_2994141/getmapping_rgb_25cm_6421043/se2938_rgb_250_03_original.geojson,ok,
29814.8125,11614.380147355678,8828.186458324597,32601.006189032123,0.2961006868087665,0.7601082749417813,0.27079490759075536,se2939_rgb_250_03,/Users/hou/Desktop/dissertation/Parking/parking-lot-mapping-tool/output_files/tif_original/Download_2994141/getmapping_rgb_25cm_6421043/se2939_rgb_250_03_original.geojson,ok,
63762.75,19814.06213641791,17734.809509167117,65842.00262724898,0.2781374628473069,0.8950617691145137,0.2693540415161597,se3035_rgb_250_03,/Users/hou/Desktop/dissertation/Parking/parking-lot-mapping-tool/output_files/tif_original/Download_2994141/getmapping_rgb_25cm_6421044/se3035_rgb_250_03_original.geojson,ok,
42362.625,12512.5688442922,10901.546912726211,43973.6469315678,0.2573387959959094,0.8712477068766834,0.24791091195350026,se3036_rgb_250_03,/Users/hou/Desktop/dissertation/Parking/parking-lot-mapping-tool/output_files/tif_original/Download_2994141/getmapping_rgb_25cm_6421044/se3036_rgb_250_03_original.geojson,ok,
23065.6875,5425.453635497897,4940.409650874672,23550.7314846238,0.21418870132852844,0.9105984462848123,0.20977733341744606,se3037_rgb_250_03,/Users/hou/Desktop/dissertation/Parking/parking-lot-mapping-tool/output_files/tif_original/Download_2994141/getmapping_rgb_25cm_6421044/se3037_rgb_250_03_original.geojson,ok,
43869.875,16044.854396321505,14622.407598477892,45292.321797845245,0.3333131812770812,0.9113456088345852,0.32284517591618683,se3038_rgb_250_03,/Users/hou/Desktop/dissertation/Parking/parking-lot-mapping-tool/output_files/tif_original/Download_2994141/getmapping_rgb_25cm_6421044/se3038_rgb_250_03_original.geojson,ok,
22072.125,8978.727660763794,8160.027904725579,22890.824756037724,0.3696983369170653,0.9088178429093181,0.3564759239429884,se3039_rgb_250_03,/Users/hou/Desktop/dissertation/Parking/parking-lot-mapping-tool/output_files/tif_original/Download_2994141/getmapping_rgb_25cm_6421044/se3039_rgb_250_03_original.geojson,ok,
30084.6875,5880.7839364876845,2244.221799115811,33721.24963737236,0.07459681271795862,0.3816194955219149,0.06655215400524776,se3135_rgb_250_03,/Users/hou/Desktop/dissertation/Parking/parking-lot-mapping-tool/output_files/tif_original/Download_2994141/getmapping_rgb_25cm_6421044/se3135_rgb_250_03_original.geojson,ok,
24595.4375,4391.7870561663285,3030.281460306098,25956.94309586022,0.12320502370840518,0.6899882488727234,0.11674261676789616,se3136_rgb_250_03,/Users/hou/Desktop/dissertation/Parking/parking-lot-mapping-tool/output_files/tif_original/Download_2994141/getmapping_rgb_25cm_6421044/se3136_rgb_250_03_original.geojson,ok,
16730.75,3900.8758208796944,3035.13124464031,17596.494576240282,0.18141035187545745,0.7780640512560206,0.17248499304733708,se3137_rgb_250_03,/Users/hou/Desktop/dissertation/Parking/parking-lot-mapping-tool/output_files/tif_original/Download_2994141/getmapping_rgb_25cm_6421044/se3137_rgb_250_03_original.geojson,ok,
25634.25,9332.541624411026,8182.205156324288,26784.586468086607,0.3191903471458805,0.8767392084190854,0.3054818548747523,se3138_rgb_250_03,/Users/hou/Desktop/dissertation/Parking/parking-lot-mapping-tool/output_files/tif_original/Download_2994141/getmapping_rgb_25cm_6421044/se3138_rgb_250_03_original.geojson,ok,
18771.125,7464.953965445888,6868.986446699628,19367.092518743368,0.36593365856865945,0.9201646089842079,0.35467308477262965,se3139_rgb_250_03,/Users/hou/Desktop/dissertation/Parking/parking-lot-mapping-tool/output_files/tif_original/Download_2994141/getmapping_rgb_25cm_6421044/se3139_rgb_250_03_original.geojson,ok,
29668.1875,14191.335470599222,11323.817268878183,32535.7057017211,0.38168213912218885,0.7979388051489731,0.34804277407387435,se3235_rgb_250_03,/Users/hou/Desktop/dissertation/Parking/parking-lot-mapping-tool/output_files/tif_original/Download_2994141/getmapping_rgb_25cm_6421044/se3235_rgb_250_03_original.geojson,ok,
30960.9375,21025.488184430196,19296.46744615294,32689.958238275478,0.6232520396435973,0.9177654890525856,0.590287307970905,se3236_rgb_250_03,/Users/hou/Desktop/dissertation/Parking/parking-lot-mapping-tool/output_files/tif_original/Download_2994141/getmapping_rgb_25cm_6421044/se3236_rgb_250_03_original.geojson,ok,
22694.5,3524.9065410580183,3496.3396831900495,22723.066857868078,0.15406110216969088,0.9918957119755594,0.15386742049651667,se3237_rgb_250_03,/Users/hou/Desktop/dissertation/Parking/parking-lot-mapping-tool/output_files/tif_original/Download_2994141/getmapping_rgb_25cm_6421044/se3237_rgb_250_03_original.geojson,ok,
27327.5625,7618.094100630768,6445.757041561671,28499.899559071426,0.23587017837985627,0.8461115019605719,0.22616771080900205,se3238_rgb_250_03,/Users/hou/Desktop/dissertation/Parking/parking-lot-mapping-tool/output_files/tif_original/Download_2994141/getmapping_rgb_25cm_6421044/se3238_rgb_250_03_original.geojson,ok,
7954.9375,1616.7933379358708,1426.6915477958587,8145.039290140509,0.17934666963704726,0.8824204765819289,0.17516079382488123,se3239_rgb_250_03,/Users/hou/Desktop/dissertation/Parking/parking-lot-mapping-tool/output_files/tif_original/Download_2994141/getmapping_rgb_25cm_6421044/se3239_rgb_250_03_original.geojson,ok,
27507.875,891.386385073315,866.7244660813549,27532.53691899193,0.031508230500587736,0.9723330764246173,0.031480007404747684,se3335_rgb_250_03,/Users/hou/Desktop/dissertation/Parking/parking-lot-mapping-tool/output_files/tif_original/Download_2994141/getmapping_rgb_25cm_6421044/se3335_rgb_250_03_original.geojson,ok,
25721.3125,7640.042230977641,5348.266879351526,28013.087851625434,0.20793133629364854,0.7000310623501811,0.19092029081832182,se3336_rgb_250_03,/Users/hou/Desktop/dissertation/Parking/parking-lot-mapping-tool/output_files/tif_original/Download_2994141/getmapping_rgb_25cm_6421044/se3336_rgb_250_03_original.geojson,ok,
14571.25,9588.438387409633,6642.089546794329,17517.598840615676,0.4558352609964368,0.6927185927914926,0.37916666588997455,se3337_rgb_250_03,/Users/hou/Desktop/dissertation/Parking/parking-lot-mapping-tool/output_files/tif_original/Download_2994141/getmapping_rgb_25cm_6421044/se3337_rgb_250_03_original.geojson,ok,
1863.9375,1450.219756144826,1297.7657716536855,2016.3914844913013,0.6962496176259588,0.8948752533227,0.6436080402219553,se3338_rgb_250_03,/Users/hou/Desktop/dissertation/Parking/parking-lot-mapping-tool/output_files/tif_original/Download_2994141/getmapping_rgb_25cm_6421044/se3338_rgb_250_03_original.geojson,ok,
3642.625,1323.0691441947893,1123.8855195045098,3841.8086246899325,0.3085372552773096,0.8494533520305916,0.29254073518438656,se3339_rgb_250_03,/Users/hou/Desktop/dissertation/Parking/parking-lot-mapping-tool/output_files/tif_original/Download_2994141/getmapping_rgb_25cm_6421044/se3339_rgb_250_03_original.geojson,ok,
17018.5,4314.021352224612,4292.35177074382,17040.169581479786,0.25221680939823254,0.9949769415328421,0.25189607123446645,se3435_rgb_250_03,/Users/hou/Desktop/dissertation/Parking/parking-lot-mapping-tool/output_files/tif_original/Download_2994141/getmapping_rgb_25cm_6421044/se3435_rgb_250_03_original.geojson,ok,
16272.3125,1100.677223277311,1029.57219603391,16343.417527243326,0.06327141247034863,0.9353988383336552,0.06299613861774538,se3436_rgb_250_03,/Users/hou/Desktop/dissertation/Parking/parking-lot-mapping-tool/output_files/tif_original/Download_2994141/getmapping_rgb_25cm_6421044/se3436_rgb_250_03_original.geojson,ok,
5598.6875,1291.1731725424695,0.0,6889.86067254247,0.0,0.0,0.0,se3437_rgb_250_03,/Users/hou/Desktop/dissertation/Parking/parking-lot-mapping-tool/output_files/tif_original/Download_2994141/getmapping_rgb_25cm_6421044/se3437_rgb_250_03_original.geojson,ok,
11348.3125,5256.529482276858,4978.346404648007,11626.495577628586,0.4386860517498092,0.9470785660830429,0.42818976461206565,se3438_rgb_250_03,/Users/hou/Desktop/dissertation/Parking/parking-lot-mapping-tool/output_files/tif_original/Download_2994141/getmapping_rgb_25cm_6421044/se3438_rgb_250_03_original.geojson,ok,
3052.6875,862.7640789211259,536.2871691371713,3379.1644097834887,0.1756770613229069,0.621591907034181,0.15870407713353388,se3439_rgb_250_03,/Users/hou/Desktop/dissertation/Parking/parking-lot-mapping-tool/output_files/tif_original/Download_2994141/getmapping_rgb_25cm_6421044/se3439_rgb_250_03_original.geojson,ok,
140.3125,0.0,0.0,140.3125,0.0,,0.0,se2530_rgb_250_05_removal,/Users/hou/Desktop/dissertation/Parking/parking-lot-mapping-tool/output_files/tif_removal/Download_2994141/getmapping_rgb_25cm_6421041/se2530_rgb_250_05_removal.geojson,ok,
53584.531273639215,0.0,0.0,53584.531273639215,0.0,,0.0,se2531_rgb_250_04_removal,/Users/hou/Desktop/dissertation/Parking/parking-lot-mapping-tool/output_files/tif_removal/Download_2994141/getmapping_rgb_25cm_6421041/se2531_rgb_250_04_removal.geojson,ok,
24464.717418822944,7224.345887382426,6200.511414331543,25488.551891873652,0.2534470890540891,0.858279975929856,0.24326652375682478,se2532_rgb_250_04_removal,/Users/hou/Desktop/dissertation/Parking/parking-lot-mapping-tool/output_files/tif_removal/Download_2994141/getmapping_rgb_25cm_6421041/se2532_rgb_250_04_removal.geojson,ok,
18792.9755738276,2098.495832662278,1502.9569358363174,19388.514470653856,0.07997439947346281,0.716206776512668,0.07751790051327392,se2533_rgb_250_03_removal,/Users/hou/Desktop/dissertation/Parking/parking-lot-mapping-tool/output_files/tif_removal/Download_2994141/getmapping_rgb_25cm_6421041/se2533_rgb_250_03_removal.geojson,ok,
19572.613919586187,2879.1673586642987,2105.4175630827735,20346.363715168354,0.10756956488963879,0.7312591804526144,0.1034788128511224,se2534_rgb_250_03_removal,/Users/hou/Desktop/dissertation/Parking/parking-lot-mapping-tool/output_files/tif_removal/Download_2994141/getmapping_rgb_25cm_6421041/se2534_rgb_250_03_removal.geojson,ok,
32059.629826594224,1177.5023179936084,0.0,33237.13214458783,0.0,0.0,0.0,se2630_rgb_250_05_removal,/Users/hou/Desktop/dissertation/Parking/parking-lot-mapping-tool/output_files/tif_removal/Download_2994141/getmapping_rgb_25cm_6421041/se2630_rgb_250_05_removal.geojson,ok,
70603.38915390875,14993.387537985158,14764.166111081242,70832.61058081135,0.20911412735296245,0.9847118320444134,0.2084374130787843,se2631_rgb_250_04_removal,/Users/hou/Desktop/dissertation/Parking/parking-lot-mapping-tool/output_files/tif_removal/Download_2994141/getmapping_rgb_25cm_6421041/se2631_rgb_250_04_removal.geojson,ok,
23073.341813653944,4364.575614408236,1381.9428689769702,26055.974559085626,0.059893485743759405,0.3166270884195321,0.05303746616129128,se2632_rgb_250_04_removal,/Users/hou/Desktop/dissertation/Parking/parking-lot-mapping-tool/output_files/tif_removal/Download_2994141/getmapping_rgb_25cm_6421041/se2632_rgb_250_04_removal.geojson,ok,
53347.61581006181,12344.819226531527,11690.023440108953,54002.41159648367,0.21912925746728715,0.9469578473036458,0.2164722480814198,se2633_rgb_250_03_removal,/Users/hou/Desktop/dissertation/Parking/parking-lot-mapping-tool/output_files/tif_removal/Download_2994141/getmapping_rgb_25cm_6421041/se2633_rgb_250_03_removal.geojson,ok,
21524.292529227343,20216.43040331223,12245.267570936174,29495.455361603425,0.5689045321377512,0.6057086897462337,0.41515777331842146,se2634_rgb_250_03_removal,/Users/hou/Desktop/dissertation/Parking/parking-lot-mapping-tool/output_files/tif_removal/Download_2994141/getmapping_rgb_25cm_6421041/se2634_rgb_250_03_removal.geojson,ok,
78303.08475380529,29361.239311543326,21577.886407431746,86086.43765791786,0.2755687911309666,0.7349106139041084,0.2506537265855501,se2730_rgb_250_05_removal,/Users/hou/Desktop/dissertation/Parking/parking-lot-mapping-tool/output_files/tif_removal/Download_2994141/getmapping_rgb_25cm_6421041/se2730_rgb_250_05_removal.geojson,ok,
221784.2365556537,43393.041104190655,37893.931064721444,227283.34659512536,0.17085944273236245,0.8732720754402683,0.16672550643239328,se2731_rgb_250_04_removal,/Users/hou/Desktop/dissertation/Parking/parking-lot-mapping-tool/output_files/tif_removal/Download_2994141/getmapping_rgb_25cm_6421041/se2731_rgb_250_04_removal.geojson,ok,
51368.40327122072,5706.1398031326435,3263.6951828424917,53810.847891510675,0.06353507165894302,0.5719620085457315,0.060651249900810056,se2732_rgb_250_04_removal,/Users/hou/Desktop/dissertation/Parking/parking-lot-mapping-tool/output_files/tif_removal/Download_2994141/getmapping_rgb_25cm_6421041/se2732_rgb_250_04_removal.geojson,ok,
59547.995130285235,24911.953936377064,17146.56881871755,67313.3802479442,0.28794535871782956,0.688286790450415,0.2547274963099364,se2733_rgb_250_03_removal,/Users/hou/Desktop/dissertation/Parking/parking-lot-mapping-tool/output_files/tif_removal/Download_2994141/getmapping_rgb_25cm_6421041/se2733_rgb_250_03_removal.geojson,ok,
110231.02824380531,63920.62778124812,53887.76899987161,120263.88702518203,0.48886207321485237,0.8430419235600848,0.44807938885750515,se2734_rgb_250_03_removal,/Users/hou/Desktop/dissertation/Parking/parking-lot-mapping-tool/output_files/tif_removal/Download_2994141/getmapping_rgb_25cm_6421041/se2734_rgb_250_03_removal.geojson,ok,
86001.38449381378,12144.913487705377,9788.919595626443,88357.37838589323,0.11382281405400603,0.8060098250626512,0.11078780034502814,se2830_rgb_250_05_removal,/Users/hou/Desktop/dissertation/Parking/parking-lot-mapping-tool/output_files/tif_removal/Download_2994141/getmapping_rgb_25cm_6421041/se2830_rgb_250_05_removal.geojson,ok,
116265.55586330398,92397.48846698964,39635.55180393089,169027.49252636463,0.3409053653906863,0.4289678481692851,0.23449174575993073,se2831_rgb_250_04_removal,/Users/hou/Desktop/dissertation/Parking/parking-lot-mapping-tool/output_files/tif_removal/Download_2994141/getmapping_rgb_25cm_6421041/se2831_rgb_250_04_removal.geojson,ok,
144298.82333719506,33801.45990721485,22195.883961407988,155904.39928300065,0.15381888395265025,0.6566545948706294,0.1423685544698299,se2832_rgb_250_04_removal,/Users/hou/Desktop/dissertation/Parking/parking-lot-mapping-tool/output_files/tif_removal/Download_2994141/getmapping_rgb_25cm_6421041/se2832_rgb_250_04_removal.geojson,ok,
115977.8094321413,55394.05200953218,43539.768173912686,127832.09326776207,0.37541464515578593,0.7860007815716458,0.3406012297922134,se2833_rgb_250_03_removal,/Users/hou/Desktop/dissertation/Parking/parking-lot-mapping-tool/output_files/tif_removal/Download_2994141/getmapping_rgb_25cm_6421041/se2833_rgb_250_03_removal.geojson,ok,
60824.97131894021,22525.315477038683,18249.3300866242,65100.9567093594,0.30003022921182315,0.8101697889748432,0.2803235314666357,se2834_rgb_250_03_removal,/Users/hou/Desktop/dissertation/Parking/parking-lot-mapping-tool/output_files/tif_removal/Download_2994141/getmapping_rgb_25cm_6421041/se2834_rgb_250_03_removal.geojson,ok,
60551.90518394485,836.4624150682675,823.229574110261,60565.13802490256,0.013595436371645953,0.9841799933629695,0.013592465912845336,se2930_rgb_250_05_removal,/Users/hou/Desktop/dissertation/Parking/parking-lot-mapping-tool/output_files/tif_removal/Download_2994141/getmapping_rgb_25cm_6421041/se2930_rgb_250_05_removal.geojson,ok,
39586.412718115826,1738.0826180998167,113.52972934494613,41210.9656068707,0.002867896370235938,0.06531894868672244,0.0027548427384098575,se2931_rgb_250_04_removal,/Users/hou/Desktop/dissertation/Parking/parking-lot-mapping-tool/output_files/tif_removal/Download_2994141/getmapping_rgb_25cm_6421041/se2931_rgb_250_04_removal.geojson,ok,
108407.38950502987,65597.8173367451,26737.128672551768,147268.0781692227,0.24663566565553377,0.40759174250108426,0.18155413586526667,se2932_rgb_250_04_removal,/Users/hou/Desktop/dissertation/Parking/parking-lot-mapping-tool/output_files/tif_removal/Download_2994141/getmapping_rgb_25cm_6421041/se2932_rgb_250_04_removal.geojson,ok,
73194.41261589689,34775.7235005101,29226.407306964327,78743.72880944291,0.39929833798019615,0.840425571779567,0.3711585385763382,se2933_rgb_250_03_removal,/Users/hou/Desktop/dissertation/Parking/parking-lot-mapping-tool/output_files/tif_removal/Download_2994141/getmapping_rgb_25cm_6421041/se2933_rgb_250_03_removal.geojson,ok,
45147.12125471247,13740.773017863754,6592.433834163229,52295.46043841336,0.14602113381648027,0.4797716857408754,0.12606130204985805,se2934_rgb_250_03_removal,/Users/hou/Desktop/dissertation/Parking/parking-lot-mapping-tool/output_files/tif_removal/Download_2994141/getmapping_rgb_25cm_6421041/se2934_rgb_250_03_removal.geojson,ok,
96645.7620321086,6514.559324186566,5944.576934530247,97215.74442176489,0.06150892506342163,0.9125063782073257,0.06114829413577335,se3030_rgb_250_05_removal,/Users/hou/Desktop/dissertation/Parking/parking-lot-mapping-tool/output_files/tif_removal/Download_2994141/getmapping_rgb_25cm_6421042/se3030_rgb_250_05_removal.geojson,ok,
106885.68005013435,40943.21743104499,23203.624217335193,124625.27326384406,0.21708824050566564,0.5667269372861049,0.18618714815742726,se3031_rgb_250_04_removal,/Users/hou/Desktop/dissertation/Parking/parking-lot-mapping-tool/output_files/tif_removal/Download_2994141/getmapping_rgb_25cm_6421042/se3031_rgb_250_04_removal.geojson,ok,
170632.83180947063,87387.92431860027,71856.19351165277,186164.56261641727,0.4211158705488034,0.8222668529083987,0.38598212517872615,se3032_rgb_250_04_removal,/Users/hou/Desktop/dissertation/Parking/parking-lot-mapping-tool/output_files/tif_removal/Download_2994141/getmapping_rgb_25cm_6421042/se3032_rgb_250_04_removal.geojson,ok,
55216.32426422404,46436.48030200202,33417.35535480887,68235.44921141707,0.6052078945874484,0.7196358366843781,0.48973599120407807,se3033_rgb_250_03_removal,/Users/hou/Desktop/dissertation/Parking/parking-lot-mapping-tool/output_files/tif_removal/Download_2994141/getmapping_rgb_25cm_6421042/se3033_rgb_250_03_removal.geojson,ok,
103149.07054677804,35646.533997342616,29411.678751512212,109383.92579261026,0.28513760323389475,0.8250922446963511,0.26888483420567816,se3034_rgb_250_03_removal,/Users/hou/Desktop/dissertation/Parking/parking-lot-mapping-tool/output_files/tif_removal/Download_2994141/getmapping_rgb_25cm_6421042/se3034_rgb_250_03_removal.geojson,ok,
68407.88374447812,69092.77169136344,41914.890797106425,95585.76463873628,0.6127201793534476,0.60664653871956,0.4385055761757264,se3130_rgb_250_05_removal,/Users/hou/Desktop/dissertation/Parking/parking-lot-mapping-tool/output_files/tif_removal/Download_2994141/getmapping_rgb_25cm_6421042/se3130_rgb_250_05_removal.geojson,ok,
144494.97944161145,14352.792702806326,11361.869458515828,147485.90268590153,0.07863158638744963,0.791613847825887,0.07703698625836143,se3131_rgb_250_04_removal,/Users/hou/Desktop/dissertation/Parking/parking-lot-mapping-tool/output_files/tif_removal/Download_2994141/getmapping_rgb_25cm_6421042/se3131_rgb_250_04_removal.geojson,ok,
114291.46486363828,12878.005886294755,9146.922732768868,118022.54801716447,0.08003154691981687,0.7102747749559082,0.07750148498267125,se3132_rgb_250_04_removal,/Users/hou/Desktop/dissertation/Parking/parking-lot-mapping-tool/output_files/tif_removal/Download_2994141/getmapping_rgb_25cm_6421042/se3132_rgb_250_04_removal.geojson,ok,
81924.50743876632,13931.905581747673,10275.002102954551,85581.41091756048,0.125420370829016,0.7375159157277044,0.12006114403573381,se3133_rgb_250_03_removal,/Users/hou/Desktop/dissertation/Parking/parking-lot-mapping-tool/output_files/tif_removal/Download_2994141/getmapping_rgb_25cm_6421042/se3133_rgb_250_03_removal.geojson,ok,
154368.48480175645,73126.78272891307,59145.55475846845,168349.7127722041,0.38314526980312413,0.8088083811607825,0.3513255459989941,se3134_rgb_250_03_removal,/Users/hou/Desktop/dissertation/Parking/parking-lot-mapping-tool/output_files/tif_removal/Download_2994141/getmapping_rgb_25cm_6421042/se3134_rgb_250_03_removal.geojson,ok,
193762.03773763936,23497.511520302218,21663.46308493183,195596.08617301064,0.11180447593281882,0.9219471204946217,0.11075611740906638,se3230_rgb_250_05_removal,/Users/hou/Desktop/dissertation/Parking/parking-lot-mapping-tool/output_files/tif_removal/Download_2994141/getmapping_rgb_25cm_6421042/se3230_rgb_250_05_removal.geojson,ok,
116222.50324267066,21305.742849419923,20153.278356557625,117374.96773553103,0.17340254937099328,0.9459082698497098,0.17169996929811251,se3231_rgb_250_04_removal,/Users/hou/Desktop/dissertation/Parking/parking-lot-mapping-tool/output_files/tif_removal/Download_2994141/getmapping_rgb_25cm_6421042/se3231_rgb_250_04_removal.geojson,ok,
121748.08821467677,1799.4930342961884,1764.8059122970053,121782.77533667645,0.014495553385488458,0.9807239476129732,0.014491424648667137,se3232_rgb_250_04_removal,/Users/hou/Desktop/dissertation/Parking/parking-lot-mapping-tool/output_files/tif_removal/Download_2994141/getmapping_rgb_25cm_6421042/se3232_rgb_250_04_removal.geojson,ok,
51078.96103655321,7657.082733568335,6520.845845861041,52215.19792425975,0.1276620689523145,0.8516096890626402,0.12488405876235097,se3233_rgb_250_03_removal,/Users/hou/Desktop/dissertation/Parking/parking-lot-mapping-tool/output_files/tif_removal/Download_2994141/getmapping_rgb_25cm_6421042/se3233_rgb_250_03_removal.geojson,ok,
38779.41309759338,19745.13231139321,17158.33795912769,41366.20744985904,0.44245997008635807,0.8689907815521245,0.41479117900585205,se3234_rgb_250_03_removal,/Users/hou/Desktop/dissertation/Parking/parking-lot-mapping-tool/output_files/tif_removal/Download_2994141/getmapping_rgb_25cm_6421042/se3234_rgb_250_03_removal.geojson,ok,
62589.25007663408,9891.644347500453,9472.239984273387,63008.65443986142,0.15133972643346272,0.9576001371973056,0.15033236415664394,se3330_rgb_250_05_removal,/Users/hou/Desktop/dissertation/Parking/parking-lot-mapping-tool/output_files/tif_removal/Download_2994141/getmapping_rgb_25cm_6421042/se3330_rgb_250_05_removal.geojson,ok,
52887.355654316714,2157.2204293455566,1925.932408100944,53118.64367556109,0.03641574407102632,0.8927842430479952,0.036257183445123055,se3331_rgb_250_04_removal,/Users/hou/Desktop/dissertation/Parking/parking-lot-mapping-tool/output_files/tif_removal/Download_2994141/getmapping_rgb_25cm_6421042/se3331_rgb_250_04_removal.geojson,ok,
138499.15457936184,21195.75542840746,20425.35265368869,139269.55735407933,0.1474763706372279,0.9636529692314602,0.1466605699173669,se3332_rgb_250_04_removal,/Users/hou/Desktop/dissertation/Parking/parking-lot-mapping-tool/output_files/tif_removal/Download_2994141/getmapping_rgb_25cm_6421042/se3332_rgb_250_04_removal.geojson,ok,
20163.53303515968,9216.565157070881,7333.538245967025,22046.55994626428,0.3637030392034642,0.7956910325036641,0.3326386639839324,se3333_rgb_250_03_removal,/Users/hou/Desktop/dissertation/Parking/parking-lot-mapping-tool/output_files/tif_removal/Download_2994141/getmapping_rgb_25cm_6421042/se3333_rgb_250_03_removal.geojson,ok,
18184.005911247095,1439.5791885041347,1343.5953738845835,18279.989725866126,0.07388885487842635,0.9333250887578558,0.07350088233274008,se3334_rgb_250_03_removal,/Users/hou/Desktop/dissertation/Parking/parking-lot-mapping-tool/output_files/tif_removal/Download_2994141/getmapping_rgb_25cm_6421042/se3334_rgb_250_03_removal.geojson,ok,
22122.37071700163,20489.530943200272,19439.4126238666,23172.489036335814,0.8787219449734152,0.9487485427438656,0.8389004993544055,se3430_rgb_250_05_removal,/Users/hou/Desktop/dissertation/Parking/parking-lot-mapping-tool/output_files/tif_removal/Download_2994141/getmapping_rgb_25cm_6421042/se3430_rgb_250_05_removal.geojson,ok,
80152.37342893721,49053.93869137206,39614.28365962123,89592.02846068815,0.49423718805710853,0.8075658085043609,0.4421630399517461,se3431_rgb_250_04_removal,/Users/hou/Desktop/dissertation/Parking/parking-lot-mapping-tool/output_files/tif_removal/Download_2994141/getmapping_rgb_25cm_6421042/se3431_rgb_250_04_removal.geojson,ok,
53547.40021094946,26592.805758860526,25846.466900181607,54293.73906962876,0.48268388004571094,0.9719345575849873,0.4760487552171517,se3432_rgb_250_04_removal,/Users/hou/Desktop/dissertation/Parking/parking-lot-mapping-tool/output_files/tif_removal/Download_2994141/getmapping_rgb_25cm_6421042/se3432_rgb_250_04_removal.geojson,ok,
24329.623097781823,5604.125859340425,5091.216349457805,24842.532607664412,0.20925997616140551,0.9084764470398624,0.2049395055593915,se3433_rgb_250_03_removal,/Users/hou/Desktop/dissertation/Parking/parking-lot-mapping-tool/output_files/tif_removal/Download_2994141/getmapping_rgb_25cm_6421042/se3433_rgb_250_03_removal.geojson,ok,
51183.380237212994,22407.73616594906,21929.40026950639,51661.71613365735,0.4284476751608244,0.9786530913743284,0.42448067758282415,se3434_rgb_250_03_removal,/Users/hou/Desktop/dissertation/Parking/parking-lot-mapping-tool/output_files/tif_removal/Download_2994141/getmapping_rgb_25cm_6421042/se3434_rgb_250_03_removal.geojson,ok,
15406.490951774813,4692.38563771274,3399.763262898959,16699.113326588587,0.22067083760610068,0.7245276764072917,0.20358944791911815,se2535_rgb_250_03_removal,/Users/hou/Desktop/dissertation/Parking/parking-lot-mapping-tool/output_files/tif_removal/Download_2994141/getmapping_rgb_25cm_6421043/se2535_rgb_250_03_removal.geojson,ok,
11121.191395401065,5848.987202591433,4555.685130430721,12414.493467561271,0.40964002582624637,0.7788844414657454,0.3669650431034178,se2536_rgb_250_03_removal,/Users/hou/Desktop/dissertation/Parking/parking-lot-mapping-tool/output_files/tif_removal/Download_2994141/getmapping_rgb_25cm_6421043/se2536_rgb_250_03_removal.geojson,ok,
22064.67939521349,13522.19015323465,9662.265637478538,25924.603910969618,0.43790645965944025,0.7145488658260898,0.3727063939206451,se2537_rgb_250_03_removal,/Users/hou/Desktop/dissertation/Parking/parking-lot-mapping-tool/output_files/tif_removal/Download_2994141/getmapping_rgb_25cm_6421043/se2537_rgb_250_03_removal.geojson,ok,
34517.61576054692,4704.031107417076,3093.4146707887758,36128.23219717512,0.08961843402650362,0.6576093142562849,0.08562319501009659,se2538_rgb_250_03_removal,/Users/hou/Desktop/dissertation/Parking/parking-lot-mapping-tool/output_files/tif_removal/Download_2994141/getmapping_rgb_25cm_6421043/se2538_rgb_250_03_removal.geojson,ok,
15166.247015343419,11246.514771524086,7673.070651129692,18739.69113573883,0.5059307449870086,0.6822620880343953,0.40945555588673654,se2539_rgb_250_03_removal,/Users/hou/Desktop/dissertation/Parking/parking-lot-mapping-tool/output_files/tif_removal/Download_2994141/getmapping_rgb_25cm_6421043/se2539_rgb_250_03_removal.geojson,ok,
61374.43443975313,38766.03053981976,32523.89026584883,67616.57471372299,0.5299257021712387,0.8389791220032415,0.4810047004532456,se2635_rgb_250_03_removal,/Users/hou/Desktop/dissertation/Parking/parking-lot-mapping-tool/output_files/tif_removal/Download_2994141/getmapping_rgb_25cm_6421043/se2635_rgb_250_03_removal.geojson,ok,
19817.96586140457,12095.440529650103,8360.283661247615,23553.12272980673,0.42185377246659017,0.6911929863781043,0.35495436240679823,se2636_rgb_250_03_removal,/Users/hou/Desktop/dissertation/Parking/parking-lot-mapping-tool/output_files/tif_removal/Download_2994141/getmapping_rgb_25cm_6421043/se2636_rgb_250_03_removal.geojson,ok,
13932.14176375715,4099.73184956721,3899.640955581982,14132.23265774249,0.2799024745589688,0.9511941509037107,0.2759394817524125,se2637_rgb_250_03_removal,/Users/hou/Desktop/dissertation/Parking/parking-lot-mapping-tool/output_files/tif_removal/Download_2994141/getmapping_rgb_25cm_6421043/se2637_rgb_250_03_removal.geojson,ok,
39166.72922596891,12473.648173253816,11194.230708749088,40446.14669047492,0.2858096892432601,0.897430371072348,0.27676878082888756,se2638_rgb_250_03_removal,/Users/hou/Desktop/dissertation/Parking/parking-lot-mapping-tool/output_files/tif_removal/Download_2994141/getmapping_rgb_25cm_6421043/se2638_rgb_250_03_removal.geojson,ok,
16400.931931837116,5786.414144025666,4739.577018463148,17447.769057399266,0.28898217724218395,0.8190870719747303,0.271643727222145,se2639_rgb_250_03_removal,/Users/hou/Desktop/dissertation/Parking/parking-lot-mapping-tool/output_files/tif_removal/Download_2994141/getmapping_rgb_25cm_6421043/se2639_rgb_250_03_removal.geojson,ok,
28269.326408618723,15736.743576932877,11961.674739877113,32044.395245674437,0.4231326409047458,0.7601111806518022,0.3732844588943141,se2735_rgb_250_03_removal,/Users/hou/Desktop/dissertation/Parking/parking-lot-mapping-tool/output_files/tif_removal/Download_2994141/getmapping_rgb_25cm_6421043/se2735_rgb_250_03_removal.geojson,ok,
19850.966236608598,15312.908196310498,8541.2711783402,26622.60325457927,0.4302697952600728,0.5577824322357093,0.3208277979679182,se2736_rgb_250_03_removal,/Users/hou/Desktop/dissertation/Parking/parking-lot-mapping-tool/output_files/tif_removal/Download_2994141/getmapping_rgb_25cm_6421043/se2736_rgb_250_03_removal.geojson,ok,
22189.677755367287,11280.868564151637,7927.171722547525,25543.37459697091,0.3572459145167209,0.702709341702509,0.3103415992453706,se2737_rgb_250_03_removal,/Users/hou/Desktop/dissertation/Parking/parking-lot-mapping-tool/output_files/tif_removal/Download_2994141/getmapping_rgb_25cm_6421043/se2737_rgb_250_03_removal.geojson,ok,
12243.927685580868,10329.447499462109,6542.367982902368,16031.007202140694,0.5343357255047353,0.6333705634539555,0.4081071077074144,se2738_rgb_250_03_removal,/Users/hou/Desktop/dissertation/Parking/parking-lot-mapping-tool/output_files/tif_removal/Download_2994141/getmapping_rgb_25cm_6421043/se2738_rgb_250_03_removal.geojson,ok,
7350.505646562905,3992.841707232942,2605.2971208434387,8738.050232952019,0.3544378096031632,0.6524919623344952,0.29815542957382135,se2739_rgb_250_03_removal,/Users/hou/Desktop/dissertation/Parking/parking-lot-mapping-tool/output_files/tif_removal/Download_2994141/getmapping_rgb_25cm_6421043/se2739_rgb_250_03_removal.geojson,ok,
26810.952783828467,1831.7177871109734,914.9324162365436,27727.7381547034,0.03412532272215266,0.49949420302327013,0.03299700866806352,se2835_rgb_250_03_removal,/Users/hou/Desktop/dissertation/Parking/parking-lot-mapping-tool/output_files/tif_removal/Download_2994141/getmapping_rgb_25cm_6421043/se2835_rgb_250_03_removal.geojson,ok,
18655.062900107187,7022.708430344208,1543.2248389712086,24134.546491481,0.08272418309360627,0.21974781585735997,0.06394256629251083,se2836_rgb_250_03_removal,/Users/hou/Desktop/dissertation/Parking/parking-lot-mapping-tool/output_files/tif_removal/Download_2994141/getmapping_rgb_25cm_6421043/se2836_rgb_250_03_removal.geojson,ok,
19306.993899028894,19540.884464717226,11857.649801761301,26990.22856198597,0.6141634406564824,0.6068123386723525,0.439331211091041,se2837_rgb_250_03_removal,/Users/hou/Desktop/dissertation/Parking/parking-lot-mapping-tool/output_files/tif_removal/Download_2994141/getmapping_rgb_25cm_6421043/se2837_rgb_250_03_removal.geojson,ok,
8997.829180152798,3493.870616210196,2361.8961356358095,10129.803660727282,0.2624962186263355,0.6760113338706744,0.23316307154034555,se2838_rgb_250_03_removal,/Users/hou/Desktop/dissertation/Parking/parking-lot-mapping-tool/output_files/tif_removal/Download_2994141/getmapping_rgb_25cm_6421043/se2838_rgb_250_03_removal.geojson,ok,
5654.128059136984,0.0,0.0,5654.128059136984,0.0,,0.0,se2839_rgb_250_03_removal,/Users/hou/Desktop/dissertation/Parking/parking-lot-mapping-tool/output_files/tif_removal/Download_2994141/getmapping_rgb_25cm_6421043/se2839_rgb_250_03_removal.geojson,ok,
42681.27931588907,28977.427280125554,7942.560962047661,63716.14563396884,0.18609003969313692,0.2740947595266728,0.12465538966646567,se2935_rgb_250_03_removal,/Users/hou/Desktop/dissertation/Parking/parking-lot-mapping-tool/output_files/tif_removal/Download_2994141/getmapping_rgb_25cm_6421043/se2935_rgb_250_03_removal.geojson,ok,
15801.759911702065,0.0,0.0,15801.759911702065,0.0,,0.0,se2936_rgb_250_03_removal,/Users/hou/Desktop/dissertation/Parking/parking-lot-mapping-tool/output_files/tif_removal/Download_2994141/getmapping_rgb_25cm_6421043/se2936_rgb_250_03_removal.geojson,ok,
20280.01556655467,4032.858111712468,3573.79541034532,20739.07826792127,0.17622251810492395,0.8861693893881585,0.17232180544268375,se2937_rgb_250_03_removal,/Users/hou/Desktop/dissertation/Parking/parking-lot-mapping-tool/output_files/tif_removal/Download_2994141/getmapping_rgb_25cm_6421043/se2937_rgb_250_03_removal.geojson,ok,
41434.598220805754,32241.552683947077,30203.392785654607,43472.75811909782,0.7289413698354249,0.9367846853322526,0.6947659659161605,se2938_rgb_250_03_removal,/Users/hou/Desktop/dissertation/Parking/parking-lot-mapping-tool/output_files/tif_removal/Download_2994141/getmapping_rgb_25cm_6421043/se2938_rgb_250_03_removal.geojson,ok,
28404.871687520015,11590.161749238549,8666.217178540335,31328.816258219213,0.3050961565282455,0.7477218494478465,0.2766212775839153,se2939_rgb_250_03_removal,/Users/hou/Desktop/dissertation/Parking/parking-lot-mapping-tool/output_files/tif_removal/Download_2994141/getmapping_rgb_25cm_6421043/se2939_rgb_250_03_removal.geojson,ok,
55963.443893159325,19814.06213641791,17010.30423442734,58767.2017951481,0.30395385006866227,0.8584965625580981,0.289452342715282,se3035_rgb_250_03_removal,/Users/hou/Desktop/dissertation/Parking/parking-lot-mapping-tool/output_files/tif_removal/Download_2994141/getmapping_rgb_25cm_6421044/se3035_rgb_250_03_removal.geojson,ok,
38088.822753136315,12512.5688442922,10805.435637325094,39795.95596010557,0.28369045972772555,0.8635665283275671,0.2715209467051694,se3036_rgb_250_03_removal,/Users/hou/Desktop/dissertation/Parking/parking-lot-mapping-tool/output_files/tif_removal/Download_2994141/getmapping_rgb_25cm_6421044/se3036_rgb_250_03_removal.geojson,ok,
18888.488015349616,5425.453635497897,4928.052977541551,19385.888673306894,0.2609024593994394,0.9083209089278855,0.25420825738709407,se3037_rgb_250_03_removal,/Users/hou/Desktop/dissertation/Parking/parking-lot-mapping-tool/output_files/tif_removal/Download_2994141/getmapping_rgb_25cm_6421044/se3037_rgb_250_03_removal.geojson,ok,
39582.4290953314,16044.854396321505,14241.187950978276,41386.09554067441,0.35978559872309535,0.8875859885798189,0.3441056172351891,se3038_rgb_250_03_removal,/Users/hou/Desktop/dissertation/Parking/parking-lot-mapping-tool/output_files/tif_removal/Download_2994141/getmapping_rgb_25cm_6421044/se3038_rgb_250_03_removal.geojson,ok,
20515.690532635494,8978.727660763794,8043.654813115353,21450.763380282948,0.3920733158028411,0.8958568649169946,0.3749822172067264,se3039_rgb_250_03_removal,/Users/hou/Desktop/dissertation/Parking/parking-lot-mapping-tool/output_files/tif_removal/Download_2994141/getmapping_rgb_25cm_6421044/se3039_rgb_250_03_removal.geojson,ok,
20717.673754033334,5880.7839364876845,1625.543911873477,24972.913778647955,0.07846170043859363,0.27641619373017434,0.06509228063179917,se3135_rgb_250_03_removal,/Users/hou/Desktop/dissertation/Parking/parking-lot-mapping-tool/output_files/tif_removal/Download_2994141/getmapping_rgb_25cm_6421044/se3135_rgb_250_03_removal.geojson,ok,
21438.44253339835,4391.7870561663285,3030.2131858127555,22800.016403752215,0.14134483795136102,0.6899727029246915,0.13290399147757065,se3136_rgb_250_03_removal,/Users/hou/Desktop/dissertation/Parking/parking-lot-mapping-tool/output_files/tif_removal/Download_2994141/getmapping_rgb_25cm_6421044/se3136_rgb_250_03_removal.geojson,ok,
14804.404708118298,3900.8758208796944,2981.0937225779144,15724.186806420272,0.20136532210195326,0.7642113872534506,0.18958651148565073,se3137_rgb_250_03_removal,/Users/hou/Desktop/dissertation/Parking/parking-lot-mapping-tool/output_files/tif_removal/Download_2994141/getmapping_rgb_25cm_6421044/se3137_rgb_250_03_removal.geojson,ok,
24045.984752983353,9332.541624411026,8176.658089833861,25201.86828756029,0.34004255487267554,0.8761448294477752,0.3244465051771531,se3138_rgb_250_03_removal,/Users/hou/Desktop/dissertation/Parking/parking-lot-mapping-tool/output_files/tif_removal/Download_2994141/getmapping_rgb_25cm_6421044/se3138_rgb_250_03_removal.geojson,ok,
15457.03394482488,7464.953965445888,6783.989452924316,16137.998457342957,0.43889335283472297,0.9087784712841297,0.4203736585336907,se3139_rgb_250_03_removal,/Users/hou/Desktop/dissertation/Parking/parking-lot-mapping-tool/output_files/tif_removal/Download_2994141/getmapping_rgb_25cm_6421044/se3139_rgb_250_03_removal.geojson,ok,
25632.221118690522,14191.335470599222,11115.367650334012,28708.1889389566,0.4336482429230021,0.7832502919377939,0.3871845651416422,se3235_rgb_250_03_removal,/Users/hou/Desktop/dissertation/Parking/parking-lot-mapping-tool/output_files/tif_removal/Download_2994141/getmapping_rgb_25cm_6421044/se3235_rgb_250_03_removal.geojson,ok,
28391.198366825436,21025.488184430196,19114.83690033648,30301.849650916934,0.6732662937775742,0.9091269002967268,0.6308141951908227,se3236_rgb_250_03_removal,/Users/hou/Desktop/dissertation/Parking/parking-lot-mapping-tool/output_files/tif_removal/Download_2994141/getmapping_rgb_25cm_6421044/se3236_rgb_250_03_removal.geojson,ok,
21847.58716346117,3524.9065410580183,3491.884786359553,21880.608918159454,0.15982931022239055,0.9906318779480168,0.15958809918957603,se3237_rgb_250_03_removal,/Users/hou/Desktop/dissertation/Parking/parking-lot-mapping-tool/output_files/tif_removal/Download_2994141/getmapping_rgb_25cm_6421044/se3237_rgb_250_03_removal.geojson,ok,
22924.991597939596,7618.094100630768,6352.118635409604,24190.967063162254,0.2770827028778718,0.83381992287069,0.26258225307092176,se3238_rgb_250_03_removal,/Users/hou/Desktop/dissertation/Parking/parking-lot-mapping-tool/output_files/tif_removal/Download_2994141/getmapping_rgb_25cm_6421044/se3238_rgb_250_03_removal.geojson,ok,
6096.23645652027,1616.7933379358708,1393.733322798631,6319.296471657842,0.22862192645233673,0.862035542883906,0.22055197584882272,se3239_rgb_250_03_removal,/Users/hou/Desktop/dissertation/Parking/parking-lot-mapping-tool/output_files/tif_removal/Download_2994141/getmapping_rgb_25cm_6421044/se3239_rgb_250_03_removal.geojson,ok,
22488.507419971127,891.386385073315,851.0401215201709,22528.85368352414,0.037843335070089926,0.954737626433653,0.037775562550817036,se3335_rgb_250_03_removal,/Users/hou/Desktop/dissertation/Parking/parking-lot-mapping-tool/output_files/tif_removal/Download_2994141/getmapping_rgb_25cm_6421044/se3335_rgb_250_03_removal.geojson,ok,
21676.4302882944,7640.042230977641,5336.714209370479,23979.758309900317,0.2461989422793653,0.6985189411299337,0.22255079223076055,se3336_rgb_250_03_removal,/Users/hou/Desktop/dissertation/Parking/parking-lot-mapping-tool/output_files/tif_removal/Download_2994141/getmapping_rgb_25cm_6421044/se3336_rgb_250_03_removal.geojson,ok,
12892.773822599698,9588.438387409633,6069.374745736013,16411.837464273587,0.4707578702029991,0.6329888664358083,0.3698168933824896,se3337_rgb_250_03_removal,/Users/hou/Desktop/dissertation/Parking/parking-lot-mapping-tool/output_files/tif_removal/Download_2994141/getmapping_rgb_25cm_6421044/se3337_rgb_250_03_removal.geojson,ok,
1770.0808933546712,1439.1421329187517,1287.9878760685442,1921.23515020518,0.7276435110417692,0.8949691949163849,0.6703957482409129,se3338_rgb_250_03_removal,/Users/hou/Desktop/dissertation/Parking/parking-lot-mapping-tool/output_files/tif_removal/Download_2994141/getmapping_rgb_25cm_6421044/se3338_rgb_250_03_removal.geojson,ok,
3553.9868445469815,1323.0691441947893,1123.8855195045094,3753.170469236914,0.3162323240528957,0.8494533520305912,0.2994496329747088,se3339_rgb_250_03_removal,/Users/hou/Desktop/dissertation/Parking/parking-lot-mapping-tool/output_files/tif_removal/Download_2994141/getmapping_rgb_25cm_6421044/se3339_rgb_250_03_removal.geojson,ok,
14750.883484356791,4314.021352224612,4291.483042924612,14773.421793656604,0.29093057697023367,0.994775568440713,0.29048673373471845,se3435_rgb_250_03_removal,/Users/hou/Desktop/dissertation/Parking/parking-lot-mapping-tool/output_files/tif_removal/Download_2994141/getmapping_rgb_25cm_6421044/se3435_rgb_250_03_removal.geojson,ok,
14511.058487957696,1100.677223277311,1029.57219603391,14582.163515201022,0.07095086804924133,0.9353988383336552,0.07060489994921833,se3436_rgb_250_03_removal,/Users/hou/Desktop/dissertation/Parking/parking-lot-mapping-tool/output_files/tif_removal/Download_2994141/getmapping_rgb_25cm_6421044/se3436_rgb_250_03_removal.geojson,ok,
4157.525382086373,1291.1731725424695,0.0,5448.698554628842,0.0,0.0,0.0,se3437_rgb_250_03_removal,/Users/hou/Desktop/dissertation/Parking/parking-lot-mapping-tool/output_files/tif_removal/Download_2994141/getmapping_rgb_25cm_6421044/se3437_rgb_250_03_removal.geojson,ok,
9408.395743911326,5256.529482276858,4598.282278977263,10066.64294721085,0.48874243857706096,0.8747753236200861,0.4567840841371355,se3438_rgb_250_03_removal,/Users/hou/Desktop/dissertation/Parking/parking-lot-mapping-tool/output_files/tif_removal/Download_2994141/getmapping_rgb_25cm_6421044/se3438_rgb_250_03_removal.geojson,ok,
,,,,,,,se3439_rgb_250_03_removal,/Users/hou/Desktop/dissertation/Parking/parking-lot-mapping-tool/output_files/tif_removal/Download_2994141/getmapping_rgb_25cm_6421044/se3439_rgb_250_03_removal.geojson,failed,"RuntimeError(""All Overpass API requests failed:\nhttps://overpass-api.de/api/interpreter: HTTP 504\nhttps://overpass.kumi.systems/api/interpreter: HTTPSConnectionPool(host='overpass.kumi.systems', port=443): Read timed out. (read timeout=45)\nhttps://overpass.openstreetmap.ru/api/interpreter: HTTPSConnectionPool(host='overpass.openstreetmap.ru', port=443): Max retries exceeded with url: /api/interpreter (Caused by ConnectTimeoutError(<urllib3.connection.HTTPSConnection object at 0x13852aa50>, 'Connection to overpass.openstreetmap.ru timed out. (connect timeout=45)'))"")"
