col_index,row_index,dist_km,model_m2,manual_all_m2,prec_all,rec_all,iou_all,manual_c23_m2,prec_c23,rec_c23,iou_c23,parking_share,model_over_manual
4,6,0.3354206147994569,73194.4,52323.1,0.5455,0.7631,0.4665,49832.5,0.5233,0.7686,0.452,0.0523231,1.3988926497092107
5,6,0.6703958525080368,55216.3,54359.5,0.6228,0.6326,0.4574,49707.3,0.5591,0.621,0.4168,0.0543595,1.0157617343794554
4,7,1.005352881147093,108407.4,74408.3,0.5631,0.8204,0.5013,69254.6,0.5235,0.8194,0.4693,0.0744083,1.456926176246467
4,5,1.1019435384964738,45147.1,26483.0,0.4048,0.6902,0.3426,13962.9,0.1706,0.5516,0.1498,0.026483,1.7047577691349167
5,7,1.16088674118464,170632.8,127896.2,0.6489,0.8657,0.5896,122407.7,0.6195,0.8636,0.5643,0.1278962,1.3341506628031168
5,5,1.245473071672632,103149.1,79116.8,0.6085,0.7933,0.5252,77614.6,0.5982,0.795,0.5182,0.0791168,1.3037572298171818
3,6,1.3325101795502028,115977.8,82639.9,0.6104,0.8566,0.5538,74318.9,0.5814,0.9072,0.5487,0.08263989999999999,1.403411669181594
3,7,1.6351791355699319,144298.8,109854.9,0.6497,0.8534,0.5844,96713.1,0.592,0.8833,0.549,0.10985489999999999,1.3135399513358075
6,6,1.6692376131897786,81924.5,39192.8,0.4432,0.9264,0.4281,36860.7,0.4195,0.9324,0.4072,0.0391928,2.0902946459553795
3,5,1.6962770857989558,60825.0,40990.3,0.5179,0.7685,0.448,37121.4,0.4885,0.8004,0.4354,0.0409903,1.483887651468762
6,7,1.9195264093223163,114291.5,70136.6,0.5202,0.8476,0.4757,63122.6,0.4677,0.8469,0.4312,0.07013660000000001,1.6295557526312936
6,5,1.9718333556589394,154368.5,112091.2,0.6247,0.8604,0.5672,110704.6,0.6174,0.861,0.5615,0.1120912,1.3771687697160884
4,8,1.977109466476016,39586.4,19005.5,0.3983,0.8295,0.3681,13944.5,0.3059,0.8685,0.2924,0.0190055,2.0828917944805454
5,8,2.0605546468503593,106885.7,84901.7,0.6696,0.843,0.5954,76658.7,0.6051,0.8437,0.5442,0.0849017,1.258934744533973
4,4,2.0775110433487027,42681.3,22054.8,0.4017,0.7775,0.3603,15420.9,0.3044,0.8424,0.288,0.0220548,1.9352385875183635
5,4,2.1570757393896365,55963.4,39397.6,0.6093,0.8655,0.5566,32451.8,0.5248,0.905,0.4974,0.0393976,1.420477389485654
2,6,2.332093430456289,59548.0,43401.3,0.6351,0.8714,0.5807,38202.4,0.5722,0.8919,0.535,0.043401300000000004,1.3720326349671552
3,8,2.360516518095467,116265.6,91920.3,0.6954,0.8795,0.6349,86667.6,0.6601,0.8855,0.6082,0.0919203,1.264852268758914
3,4,2.4452256593223214,26811.0,8825.9,0.2744,0.8336,0.2601,5764.0,0.1926,0.896,0.1884,0.0088259,3.0377638541111955
2,7,2.517317460149931,51368.4,24978.6,0.3933,0.8088,0.3599,20950.9,0.3296,0.8082,0.3057,0.0249786,2.0564963608849176
2,5,2.5574268985797164,110231.0,79329.8,0.6645,0.9233,0.6297,71617.8,0.6047,0.9308,0.5787,0.0793298,1.389528273107962
6,8,2.5656985526137204,144495.0,87560.7,0.5471,0.9028,0.5167,82108.3,0.5193,0.914,0.4951,0.08756069999999999,1.6502266427746695
6,4,2.643841779625036,20717.7,12773.6,0.4962,0.8048,0.4429,12422.4,0.4896,0.8166,0.4411,0.0127736,1.62191551324607
7,6,2.6689469495505227,51079.0,38122.6,0.6698,0.8975,0.6222,33867.7,0.6162,0.9294,0.5887,0.0381226,1.3398613945533622
7,7,2.832226199708165,121748.1,71206.9,0.5135,0.8779,0.4792,66643.2,0.4805,0.8779,0.4504,0.07120689999999999,1.7097795297927592
7,5,2.867934865494111,38779.4,23489.3,0.5371,0.8868,0.5027,22814.2,0.5267,0.8953,0.4962,0.023489299999999998,1.6509389381548196
4,9,2.9676908985316164,60551.9,44519.3,0.6357,0.8646,0.5781,40318.2,0.5859,0.8799,0.5425,0.044519300000000005,1.3601269561740639
5,9,3.0239234248662656,96645.8,63078.9,0.5592,0.8568,0.5114,51522.8,0.4701,0.8817,0.4422,0.06307890000000001,1.5321414926385843
2,8,3.038933138779795,221784.2,188065.4,0.7369,0.869,0.6633,181524.9,0.7184,0.8778,0.6531,0.1880654,1.1792929480914618
4,3,3.0688474560390744,15801.8,6485.1,0.2926,0.713,0.2618,4163.0,0.1994,0.757,0.1874,0.006485100000000001,2.4366316633513745
2,4,3.1051899965671588,28269.3,16284.5,0.4806,0.8342,0.4387,14123.0,0.4397,0.8802,0.4149,0.0162845,1.7359636464122326
5,3,3.1232592461505706,38088.8,18675.5,0.4568,0.9316,0.442,17172.1,0.42,0.9316,0.4074,0.0186755,2.0395063050520736
3,9,3.2357789879718086,86001.4,64309.6,0.6535,0.874,0.5972,61277.8,0.6272,0.8803,0.5779,0.0643096,1.337302673317825
7,8,3.3045018797258496,116222.5,73997.6,0.5255,0.8254,0.473,66556.4,0.4704,0.8214,0.4268,0.07399760000000001,1.5706252635220601
3,3,3.328798747027217,18655.1,6909.9,0.2695,0.7277,0.2449,5584.4,0.2517,0.841,0.2403,0.0069099,2.69976410657173
1,6,3.3319267936360566,53347.6,40889.4,0.6298,0.8217,0.5541,34852.4,0.5428,0.8309,0.4888,0.0408894,1.304680430625052
7,4,3.365534573573478,25632.2,17915.9,0.5632,0.8057,0.4958,15607.6,0.5282,0.8675,0.4888,0.017915900000000002,1.4306956390692067
6,9,3.3883678208958448,68407.9,57093.7,0.7282,0.8725,0.6582,46867.4,0.6224,0.9085,0.5857,0.0570937,1.198168974860624
1,7,3.4640963590737726,23073.3,9296.1,0.334,0.8289,0.3124,8714.3,0.3109,0.8231,0.2914,0.0092961,2.4820408558427727
6,3,3.477308144081074,21438.4,10083.4,0.4152,0.8828,0.3935,9880.8,0.4073,0.8836,0.3865,0.0100834,2.12610825713549
1,5,3.493352076638073,21524.3,14536.1,0.546,0.8085,0.4835,13687.5,0.5079,0.7986,0.4502,0.0145361,1.4807479310131326
8,6,3.668814717281669,20163.5,10875.2,0.4902,0.9088,0.4672,10597.4,0.4798,0.913,0.4589,0.010875200000000002,1.8540808444902162
2,9,3.759433740441814,78303.1,51349.6,0.5808,0.8857,0.5403,41951.5,0.4872,0.9094,0.4647,0.051349599999999995,1.524901849284123
8,7,3.7892517541779784,138499.2,106006.9,0.696,0.9093,0.6508,92818.3,0.6171,0.9209,0.5861,0.10600689999999999,1.3065111799326272
8,5,3.8160154615703874,18184.0,9507.3,0.3778,0.7226,0.33,8871.7,0.3626,0.7433,0.3223,0.0095073,1.9126355537323954
2,3,3.839788729602507,19851.0,15031.1,0.584,0.7713,0.4978,12666.1,0.4883,0.7653,0.4247,0.0150311,1.32066182781034
1,8,3.859817484253172,70603.4,53947.6,0.6745,0.8827,0.619,49100.9,0.6361,0.9146,0.6004,0.0539476,1.308740333212228
1,4,3.912196480821639,61374.4,47794.3,0.6919,0.8885,0.6366,47667.6,0.6916,0.8904,0.6373,0.047794300000000005,1.284136392833455
7,9,3.977179917970771,193762.0,106906.7,0.4348,0.788,0.3892,99270.4,0.3987,0.7782,0.358,0.1069067,1.8124401931777896
7,3,4.053220391135929,28391.2,19161.7,0.6356,0.9417,0.6115,17903.5,0.6039,0.9576,0.5882,0.0191617,1.481663944222068
4,2,4.064430745090778,20280.0,8609.0,0.3896,0.9177,0.3764,8224.2,0.3818,0.9415,0.373,0.008609,2.3556742943431295
5,2,4.105669359783702,18888.5,6508.2,0.3102,0.9004,0.2999,5635.7,0.2778,0.931,0.2722,0.0065082,2.9022617620847546
8,8,4.154113176520254,52887.4,20879.2,0.3179,0.8053,0.2952,20879.2,0.3179,0.8053,0.2952,0.0208792,2.533018506456186
8,4,4.202826022588365,22488.5,13368.7,0.4239,0.7131,0.3622,12605.3,0.3989,0.7117,0.3434,0.0133687,1.6821755294082446
3,2,4.264114640979022,19307.0,10044.1,0.4725,0.9083,0.451,7148.7,0.3574,0.9652,0.3529,0.0100441,1.92222299658506
0,6,4.331837086955408,18793.0,9459.0,0.394,0.7827,0.3551,9459.0,0.394,0.7827,0.3551,0.009459,1.986785072417803
6,2,4.381032355746102,14804.4,6562.2,0.4222,0.9524,0.4134,6250.5,0.4016,0.9512,0.3935,0.0065622,2.256011703392155
0,7,4.434302648074513,24464.7,15285.8,0.528,0.8451,0.4815,15285.8,0.528,0.8451,0.4815,0.015285799999999999,1.6004854178387786
1,9,4.4493166260162695,32059.6,11906.2,0.3188,0.8583,0.3028,9304.0,0.2773,0.9555,0.2738,0.0119062,2.692681124120206
0,5,4.457194759164558,19572.6,10670.7,0.3885,0.7126,0.3359,10670.7,0.3885,0.7126,0.3359,0.0106707,1.8342376788776742
1,3,4.5174167261561005,19818.0,11971.5,0.5018,0.8307,0.4552,11971.5,0.5018,0.8307,0.4552,0.0119715,1.6554316501691517
9,6,4.668739127427244,24329.6,13546.5,0.4733,0.8501,0.4368,13101.2,0.4626,0.8591,0.43,0.0135465,1.7960063485033033
2,2,4.673943737485949,22189.7,13104.5,0.5067,0.8579,0.4675,10796.4,0.4089,0.8404,0.3794,0.0131045,1.6932885649967568
8,9,4.706897461187944,62589.3,32982.0,0.4151,0.7878,0.3734,22767.7,0.321,0.8824,0.3078,0.032982,1.897680553028925
0,8,4.749870251019384,53584.5,36125.2,0.5597,0.8302,0.5022,33897.9,0.5209,0.8234,0.4686,0.036125199999999996,1.48329974643739
9,7,4.763963944738501,53547.4,38495.2,0.6762,0.9407,0.6486,38495.2,0.6762,0.9407,0.6486,0.0384952,1.391014983686278
8,3,4.771322578630334,21676.4,11033.1,0.4418,0.868,0.414,10725.7,0.4296,0.8682,0.4033,0.0110331,1.9646699477028216
9,5,4.785279261774781,51183.4,32712.9,0.5832,0.9125,0.5523,31635.8,0.5729,0.9269,0.5482,0.0327129,1.5646243530839516
0,4,4.792531449487388,15406.5,9984.8,0.5688,0.8777,0.527,9589.1,0.5546,0.891,0.5193,0.009984799999999999,1.5429953529364635
7,2,4.850811077780888,21847.6,11221.7,0.4561,0.888,0.4313,8724.3,0.3444,0.8624,0.3265,0.011221700000000001,1.9469064402006824
9,8,5.059009774013758,80152.4,71847.7,0.863,0.9628,0.8352,71847.7,0.863,0.9628,0.8352,0.0718477,1.1155875553427597
4,1,5.061755609948081,41434.6,32632.8,0.737,0.9358,0.7015,32632.8,0.737,0.9358,0.7015,0.0326328,1.2697224878036821
5,1,5.094928210001433,39582.4,24461.1,0.5634,0.9116,0.5342,23535.9,0.5451,0.9167,0.5193,0.0244611,1.6181774327401468
9,4,5.099085230349996,14750.9,9343.8,0.4049,0.6393,0.3296,8420.7,0.4024,0.7048,0.3443,0.0093438,1.578683190992958
3,1,5.223451564302414,8997.8,2761.4,0.2832,0.9229,0.2767,2270.4,0.2444,0.9687,0.2425,0.0027614000000000002,3.2584196422104728
0,9,5.240180801109563,140.3,0.0,0.0,,0.0,0.0,0.0,,0.0,0.0,
1,2,5.2448857424119915,13932.1,6665.4,0.383,0.8005,0.3496,6665.4,0.383,0.8005,0.3496,0.006665399999999999,2.0902121403066585
0,3,5.298125165332296,11121.2,7037.9,0.5534,0.8745,0.5127,6170.0,0.4827,0.8701,0.4502,0.0070379,1.5801872717714092
6,1,5.319324870253361,24046.0,10676.7,0.418,0.9413,0.4073,9071.5,0.3667,0.9719,0.3628,0.0106767,2.25219402999054
8,2,5.4650975949702225,12892.8,6488.1,0.4627,0.9195,0.4447,6185.9,0.4511,0.9402,0.4385,0.0064881,1.9871456975077448
9,9,5.5219387284146,22122.4,19495.4,0.8564,0.9717,0.8356,19495.4,0.8564,0.9717,0.8356,0.019495400000000003,1.1347497358351202
2,1,5.563049760193216,12243.9,11395.4,0.6691,0.7189,0.5304,11229.4,0.6613,0.721,0.5266,0.0113954,1.0744598697720134
9,3,5.576956406461786,14511.1,10764.1,0.6082,0.8199,0.5365,10588.4,0.5995,0.8216,0.5305,0.0107641,1.3481015598145687
7,1,5.712454873828192,22925.0,11232.7,0.4032,0.8228,0.371,9185.3,0.3428,0.8556,0.3241,0.0112327,2.040916253438621
0,2,5.930590429352634,22064.7,10779.8,0.3869,0.7919,0.3512,10475.2,0.3731,0.7859,0.3387,0.010779799999999999,2.0468561568860277
1,1,6.05066930381741,39166.7,33469.1,0.7609,0.8904,0.6957,33105.2,0.7528,0.8907,0.6892,0.0334691,1.1702346343343561
4,0,6.059962246420563,28404.9,12762.7,0.431,0.9593,0.4233,12586.9,0.4263,0.962,0.4192,0.0127627,2.2256184036293263
5,0,6.087697926003728,20515.7,12247.5,0.5183,0.8682,0.4805,11091.4,0.4823,0.8922,0.4558,0.0122475,1.6750928760971628
9,2,6.180955859151305,4157.5,2101.8,0.4236,0.838,0.3915,2101.8,0.4236,0.838,0.3915,0.0021018,1.978066419259682
3,0,6.195661289791027,5654.1,3561.5,0.5241,0.8321,0.474,3561.5,0.5241,0.8321,0.474,0.0035615,1.5875614207496842
8,1,6.242520668428019,1770.1,1237.9,0.6566,0.9389,0.6298,1237.9,0.6566,0.9389,0.6298,0.0012379000000000001,1.4299216414896194
6,0,6.276702131573365,15457.0,10638.6,0.5407,0.7856,0.4712,9415.1,0.4786,0.7858,0.4234,0.0106386,1.4529167371646645
2,0,6.4845427909442845,7350.5,3841.8,0.4445,0.8505,0.4123,2803.6,0.3573,0.9367,0.3489,0.0038418000000000002,1.9132958509032223
7,0,6.613162122519389,6096.2,2645.5,0.3109,0.7165,0.2768,1963.5,0.2814,0.8737,0.2704,0.0026455,2.304365904365904
0,1,6.653846662940975,34517.6,19834.2,0.5264,0.9161,0.5022,14774.3,0.3933,0.9188,0.3801,0.0198342,1.740307146242349
9,1,6.877934857642847,9408.4,7265.2,0.6266,0.8115,0.547,7265.2,0.6266,0.8115,0.547,0.0072651999999999994,1.2949953201563618
1,0,6.907414248281332,16400.9,7052.4,0.3736,0.8689,0.3537,7052.4,0.3736,0.8689,0.3537,0.0070523999999999995,2.3255771085020704
8,0,7.076074962078389,3554.0,1023.6,0.2813,0.9768,0.2795,1023.6,0.2813,0.9768,0.2795,0.0010236,3.472059398202423
0,0,7.441468133851843,15166.2,11958.1,0.6213,0.788,0.5323,11438.8,0.6,0.7956,0.5199,0.011958100000000001,1.268278405432301
9,0,7.642497005506788,2038.2,785.8,0.318,0.8248,0.2979,785.8,0.318,0.8248,0.2979,0.0007857999999999999,2.5937897683889033
